COD_VAR,DES_VAR
Codigo Variable,Descripcion
ABA,Angulo Barra 
ATU,Agua Turbinada Central Hidraulica 
CCO,Consumo Combustible 
COP,Costo de Operacion del Sistema 
DABD,Diferencia Discretizadas Angulos 
DABN,Diferencia de Angulos Sentido Negativo 
DABP,Diferencia de Angulos Sentido Positivo 
DBIN,DBIN
DEF,Racionamiento Barra 
DEG,Deficit Gas Nodo
EIC,Exportacion Interconexion Comercial 
ENR,Energia-> Barra 
EQE,Agua Entrando Embalse 
EVP,Evaporacion Embalse 
GHI,Generacion Hidraulica 
GTE,Generacion Termica 
HCC,Agua C. Hidraulica (p) -> C. Hidraulica (c) 
HCE,Agua C. Hidraulica -> Embalse 
HCK,Agua Central -> Punto Conexion 
HEC,Agua Embalse -> C. Hidraulica 
HEE,Agua Embalse (m) -> Embalse (n) 
HEK,Agua Embalse -> Punto Conexion 
HKC,Agua Punto Conexion -> C. Hidraulica 
HKE,Agua Punto Conexion -> Embalse 
HKK,Agua Punto Conexion -> Canal Bocatoma 
HRI,Holgura Riego 
IIC,Importacion Interconexion Comercial 
MWT,Potencia Generacion Must-Run 
PEC,Perdidas Energia Circuito Direccionado 
PHI,Potencia Media Generacion Hidraulica 
PYA,Produccion Yacimiento Nodo 
SQE,Agua Saliendo Embalse 
TCC,Energia -> Circuito 
VAT,Volumen Reservas 
VCE,Vertimiento Central Hidraulica 
VCL,Volumen Transportado al Cliente 
VEB,Vertimiento Embalse Regulacion Horaria 
VEE,Vertimiento Embalse 
VEK,Vertimiento Punto Conexion 
VFB,Volumen Final Embalse por Bloque 
VFE,Volumen Final Embalse 
VSD,Transporte Sistema Ductos 
