<?xml version="1.0"?>
<ns0:Data xmlns:ns0="http://www.siemens.com/cop/SegmentTypeSchedule.xsd">
  <ns0:DataAnalog>
    <ns0:ScheduleType>UnitScheduledLoad</ns0:ScheduleType>
    <ns0:Msg_Time_Stamp>2020-12-31T01:22:12Z</ns0:Msg_Time_Stamp>
    <ns0:Msg_Identifier>UnitScheduledLoad</ns0:Msg_Identifier>
    <ns0:Msg_Version>1</ns0:Msg_Version>
    <ns0:Object>
      <ns0:B1>Network/.Generation</ns0:B1>
      <ns0:B2>VU_Yau</ns0:B2>
      <ns0:B3 />
      <ns0:Element />
      <ns0:DataInfo>
        <ns0:Start_Time>2020-12-30T10:00:00Z</ns0:Start_Time>
        <ns0:Value>0</ns0:Value>
      </ns0:DataInfo>
      <ns0:DataInfo>
        <ns0:Start_Time>2020-12-30T10:30:00Z</ns0:Start_Time>
        <ns0:Value>0</ns0:Value>
      </ns0:DataInfo>
      <ns0:DataInfo>
        <ns0:Start_Time>2020-12-30T11:00:00Z</ns0:Start_Time>
        <ns0:Value>0</ns0:Value>
      </ns0:DataInfo>
      <ns0:DataInfo>
        <ns0:Start_Time>2020-12-30T11:30:00Z</ns0:Start_Time>
        <ns0:Value>0</ns0:Value>
      </ns0:DataInfo>
      <ns0:DataInfo>
        <ns0:Start_Time>2020-12-30T12:00:00Z</ns0:Start_Time>
        <ns0:Value>0</ns0:Value>
      </ns0:DataInfo>
      <ns0:DataInfo>
        <ns0:Start_Time>2020-12-30T12:30:00Z</ns0:Start_Time>
        <ns0:Value>0</ns0:Value>
      </ns0:DataInfo>
      <ns0:DataInfo>
        <ns0:Start_Time>2020-12-30T13:00:00Z</ns0:Start_Time>
        <ns0:Value>0</ns0:Value>
      </ns0:DataInfo>
      <ns0:DataInfo>
        <ns0:Start_Time>2020-12-30T13:30:00Z</ns0:Start_Time>
        <ns0:Value>0</ns0:Value>
      </ns0:DataInfo>
      <ns0:DataInfo>
        <ns0:Start_Time>2020-12-30T14:00:00Z</ns0:Start_Time>
        <ns0:Value>0</ns0:Value>
      </ns0:DataInfo>
      <ns0:DataInfo>
        <ns0:Start_Time>2020-12-30T14:30:00Z</ns0:Start_Time>
        <ns0:Value>0</ns0:Value>
      </ns0:DataInfo>
      <ns0:DataInfo>
        <ns0:Start_Time>2020-12-30T15:00:00Z</ns0:Start_Time>
        <ns0:Value>0</ns0:Value>
      </ns0:DataInfo>
      <ns0:DataInfo>
        <ns0:Start_Time>2020-12-30T15:30:00Z</ns0:Start_Time>
        <ns0:Value>0</ns0:Value>
      </ns0:DataInfo>
      <ns0:DataInfo>
        <ns0:Start_Time>2020-12-30T16:00:00Z</ns0:Start_Time>
        <ns0:Value>0</ns0:Value>
      </ns0:DataInfo>
      <ns0:DataInfo>
        <ns0:Start_Time>2020-12-30T16:30:00Z</ns0:Start_Time>
        <ns0:Value>0</ns0:Value>
      </ns0:DataInfo>
      <ns0:DataInfo>
        <ns0:Start_Time>2020-12-30T17:00:00Z</ns0:Start_Time>
        <ns0:Value>0</ns0:Value>
      </ns0:DataInfo>
      <ns0:DataInfo>
        <ns0:Start_Time>2020-12-30T17:30:00Z</ns0:Start_Time>
        <ns0:Value>0</ns0:Value>
      </ns0:DataInfo>
      <ns0:DataInfo>
        <ns0:Start_Time>2020-12-30T18:00:00Z</ns0:Start_Time>
        <ns0:Value>0</ns0:Value>
      </ns0:DataInfo>
      <ns0:DataInfo>
        <ns0:Start_Time>2020-12-30T18:30:00Z</ns0:Start_Time>
        <ns0:Value>0</ns0:Value>
      </ns0:DataInfo>
      <ns0:DataInfo>
        <ns0:Start_Time>2020-12-30T19:00:00Z</ns0:Start_Time>
        <ns0:Value>0</ns0:Value>
      </ns0:DataInfo>
      <ns0:DataInfo>
        <ns0:Start_Time>2020-12-30T19:30:00Z</ns0:Start_Time>
        <ns0:Value>0</ns0:Value>
      </ns0:DataInfo>
      <ns0:DataInfo>
        <ns0:Start_Time>2020-12-30T20:00:00Z</ns0:Start_Time>
        <ns0:Value>0</ns0:Value>
      </ns0:DataInfo>
      <ns0:DataInfo>
        <ns0:Start_Time>2020-12-30T20:30:00Z</ns0:Start_Time>
        <ns0:Value>0</ns0:Value>
      </ns0:DataInfo>
      <ns0:DataInfo>
        <ns0:Start_Time>2020-12-30T21:00:00Z</ns0:Start_Time>
        <ns0:Value>0</ns0:Value>
      </ns0:DataInfo>
      <ns0:DataInfo>
        <ns0:Start_Time>2020-12-30T21:30:00Z</ns0:Start_Time>
        <ns0:Value>0</ns0:Value>
      </ns0:DataInfo>
      <ns0:DataInfo>
        <ns0:Start_Time>2020-12-30T22:00:00Z</ns0:Start_Time>
        <ns0:Value>0</ns0:Value>
      </ns0:DataInfo>
      <ns0:DataInfo>
        <ns0:Start_Time>2020-12-30T22:30:00Z</ns0:Start_Time>
        <ns0:Value>0</ns0:Value>
      </ns0:DataInfo>
      <ns0:DataInfo>
        <ns0:Start_Time>2020-12-30T23:00:00Z</ns0:Start_Time>
        <ns0:Value>0</ns0:Value>
      </ns0:DataInfo>
      <ns0:DataInfo>
        <ns0:Start_Time>2020-12-30T23:30:00Z</ns0:Start_Time>
        <ns0:Value>0</ns0:Value>
      </ns0:DataInfo>
    </ns0:Object>
    <ns0:Object>
      <ns0:B1>Network/.Generation</ns0:B1>
      <ns0:B2>VU_Mal</ns0:B2>
      <ns0:B3 />
      <ns0:Element />
      <ns0:DataInfo>
        <ns0:Start_Time>2020-12-30T10:00:00Z</ns0:Start_Time>
        <ns0:Value>0</ns0:Value>
      </ns0:DataInfo>
      <ns0:DataInfo>
        <ns0:Start_Time>2020-12-30T10:30:00Z</ns0:Start_Time>
        <ns0:Value>0</ns0:Value>
      </ns0:DataInfo>
      <ns0:DataInfo>
        <ns0:Start_Time>2020-12-30T11:00:00Z</ns0:Start_Time>
        <ns0:Value>0</ns0:Value>
      </ns0:DataInfo>
      <ns0:DataInfo>
        <ns0:Start_Time>2020-12-30T11:30:00Z</ns0:Start_Time>
        <ns0:Value>0</ns0:Value>
      </ns0:DataInfo>
      <ns0:DataInfo>
        <ns0:Start_Time>2020-12-30T12:00:00Z</ns0:Start_Time>
        <ns0:Value>0</ns0:Value>
      </ns0:DataInfo>
      <ns0:DataInfo>
        <ns0:Start_Time>2020-12-30T12:30:00Z</ns0:Start_Time>
        <ns0:Value>0</ns0:Value>
      </ns0:DataInfo>
      <ns0:DataInfo>
        <ns0:Start_Time>2020-12-30T13:00:00Z</ns0:Start_Time>
        <ns0:Value>0</ns0:Value>
      </ns0:DataInfo>
      <ns0:DataInfo>
        <ns0:Start_Time>2020-12-30T13:30:00Z</ns0:Start_Time>
        <ns0:Value>0</ns0:Value>
      </ns0:DataInfo>
      <ns0:DataInfo>
        <ns0:Start_Time>2020-12-30T14:00:00Z</ns0:Start_Time>
        <ns0:Value>0</ns0:Value>
      </ns0:DataInfo>
      <ns0:DataInfo>
        <ns0:Start_Time>2020-12-30T14:30:00Z</ns0:Start_Time>
        <ns0:Value>0</ns0:Value>
      </ns0:DataInfo>
      <ns0:DataInfo>
        <ns0:Start_Time>2020-12-30T15:00:00Z</ns0:Start_Time>
        <ns0:Value>0</ns0:Value>
      </ns0:DataInfo>
      <ns0:DataInfo>
        <ns0:Start_Time>2020-12-30T15:30:00Z</ns0:Start_Time>
        <ns0:Value>0</ns0:Value>
      </ns0:DataInfo>
      <ns0:DataInfo>
        <ns0:Start_Time>2020-12-30T16:00:00Z</ns0:Start_Time>
        <ns0:Value>0</ns0:Value>
      </ns0:DataInfo>
      <ns0:DataInfo>
        <ns0:Start_Time>2020-12-30T16:30:00Z</ns0:Start_Time>
        <ns0:Value>0</ns0:Value>
      </ns0:DataInfo>
      <ns0:DataInfo>
        <ns0:Start_Time>2020-12-30T17:00:00Z</ns0:Start_Time>
        <ns0:Value>0</ns0:Value>
      </ns0:DataInfo>
      <ns0:DataInfo>
        <ns0:Start_Time>2020-12-30T17:30:00Z</ns0:Start_Time>
        <ns0:Value>0</ns0:Value>
      </ns0:DataInfo>
      <ns0:DataInfo>
        <ns0:Start_Time>2020-12-30T18:00:00Z</ns0:Start_Time>
        <ns0:Value>0</ns0:Value>
      </ns0:DataInfo>
      <ns0:DataInfo>
        <ns0:Start_Time>2020-12-30T18:30:00Z</ns0:Start_Time>
        <ns0:Value>0</ns0:Value>
      </ns0:DataInfo>
      <ns0:DataInfo>
        <ns0:Start_Time>2020-12-30T19:00:00Z</ns0:Start_Time>
        <ns0:Value>0</ns0:Value>
      </ns0:DataInfo>
      <ns0:DataInfo>
        <ns0:Start_Time>2020-12-30T19:30:00Z</ns0:Start_Time>
        <ns0:Value>0</ns0:Value>
      </ns0:DataInfo>
      <ns0:DataInfo>
        <ns0:Start_Time>2020-12-30T20:00:00Z</ns0:Start_Time>
        <ns0:Value>0</ns0:Value>
      </ns0:DataInfo>
      <ns0:DataInfo>
        <ns0:Start_Time>2020-12-30T20:30:00Z</ns0:Start_Time>
        <ns0:Value>0</ns0:Value>
      </ns0:DataInfo>
      <ns0:DataInfo>
        <ns0:Start_Time>2020-12-30T21:00:00Z</ns0:Start_Time>
        <ns0:Value>0</ns0:Value>
      </ns0:DataInfo>
      <ns0:DataInfo>
        <ns0:Start_Time>2020-12-30T21:30:00Z</ns0:Start_Time>
        <ns0:Value>0</ns0:Value>
      </ns0:DataInfo>
      <ns0:DataInfo>
        <ns0:Start_Time>2020-12-30T22:00:00Z</ns0:Start_Time>
        <ns0:Value>0</ns0:Value>
      </ns0:DataInfo>
      <ns0:DataInfo>
        <ns0:Start_Time>2020-12-30T22:30:00Z</ns0:Start_Time>
        <ns0:Value>0</ns0:Value>
      </ns0:DataInfo>
      <ns0:DataInfo>
        <ns0:Start_Time>2020-12-30T23:00:00Z</ns0:Start_Time>
        <ns0:Value>0</ns0:Value>
      </ns0:DataInfo>
      <ns0:DataInfo>
        <ns0:Start_Time>2020-12-30T23:30:00Z</ns0:Start_Time>
        <ns0:Value>0</ns0:Value>
      </ns0:DataInfo>
    </ns0:Object>
    <ns0:Object>
      <ns0:B1>Network/.Generation</ns0:B1>
      <ns0:B2>VU_Cau</ns0:B2>
      <ns0:B3 />
      <ns0:Element />
      <ns0:DataInfo>
        <ns0:Start_Time>2020-12-30T10:00:00Z</ns0:Start_Time>
        <ns0:Value>0</ns0:Value>
      </ns0:DataInfo>
      <ns0:DataInfo>
        <ns0:Start_Time>2020-12-30T10:30:00Z</ns0:Start_Time>
        <ns0:Value>0</ns0:Value>
      </ns0:DataInfo>
      <ns0:DataInfo>
        <ns0:Start_Time>2020-12-30T11:00:00Z</ns0:Start_Time>
        <ns0:Value>0</ns0:Value>
      </ns0:DataInfo>
      <ns0:DataInfo>
        <ns0:Start_Time>2020-12-30T11:30:00Z</ns0:Start_Time>
        <ns0:Value>0</ns0:Value>
      </ns0:DataInfo>
      <ns0:DataInfo>
        <ns0:Start_Time>2020-12-30T12:00:00Z</ns0:Start_Time>
        <ns0:Value>0</ns0:Value>
      </ns0:DataInfo>
      <ns0:DataInfo>
        <ns0:Start_Time>2020-12-30T12:30:00Z</ns0:Start_Time>
        <ns0:Value>0</ns0:Value>
      </ns0:DataInfo>
      <ns0:DataInfo>
        <ns0:Start_Time>2020-12-30T13:00:00Z</ns0:Start_Time>
        <ns0:Value>0</ns0:Value>
      </ns0:DataInfo>
      <ns0:DataInfo>
        <ns0:Start_Time>2020-12-30T13:30:00Z</ns0:Start_Time>
        <ns0:Value>0</ns0:Value>
      </ns0:DataInfo>
      <ns0:DataInfo>
        <ns0:Start_Time>2020-12-30T14:00:00Z</ns0:Start_Time>
        <ns0:Value>0</ns0:Value>
      </ns0:DataInfo>
      <ns0:DataInfo>
        <ns0:Start_Time>2020-12-30T14:30:00Z</ns0:Start_Time>
        <ns0:Value>0</ns0:Value>
      </ns0:DataInfo>
      <ns0:DataInfo>
        <ns0:Start_Time>2020-12-30T15:00:00Z</ns0:Start_Time>
        <ns0:Value>0</ns0:Value>
      </ns0:DataInfo>
      <ns0:DataInfo>
        <ns0:Start_Time>2020-12-30T15:30:00Z</ns0:Start_Time>
        <ns0:Value>0</ns0:Value>
      </ns0:DataInfo>
      <ns0:DataInfo>
        <ns0:Start_Time>2020-12-30T16:00:00Z</ns0:Start_Time>
        <ns0:Value>0</ns0:Value>
      </ns0:DataInfo>
      <ns0:DataInfo>
        <ns0:Start_Time>2020-12-30T16:30:00Z</ns0:Start_Time>
        <ns0:Value>0</ns0:Value>
      </ns0:DataInfo>
      <ns0:DataInfo>
        <ns0:Start_Time>2020-12-30T17:00:00Z</ns0:Start_Time>
        <ns0:Value>0</ns0:Value>
      </ns0:DataInfo>
      <ns0:DataInfo>
        <ns0:Start_Time>2020-12-30T17:30:00Z</ns0:Start_Time>
        <ns0:Value>0</ns0:Value>
      </ns0:DataInfo>
      <ns0:DataInfo>
        <ns0:Start_Time>2020-12-30T18:00:00Z</ns0:Start_Time>
        <ns0:Value>0</ns0:Value>
      </ns0:DataInfo>
      <ns0:DataInfo>
        <ns0:Start_Time>2020-12-30T18:30:00Z</ns0:Start_Time>
        <ns0:Value>0</ns0:Value>
      </ns0:DataInfo>
      <ns0:DataInfo>
        <ns0:Start_Time>2020-12-30T19:00:00Z</ns0:Start_Time>
        <ns0:Value>0</ns0:Value>
      </ns0:DataInfo>
      <ns0:DataInfo>
        <ns0:Start_Time>2020-12-30T19:30:00Z</ns0:Start_Time>
        <ns0:Value>0</ns0:Value>
      </ns0:DataInfo>
      <ns0:DataInfo>
        <ns0:Start_Time>2020-12-30T20:00:00Z</ns0:Start_Time>
        <ns0:Value>0</ns0:Value>
      </ns0:DataInfo>
      <ns0:DataInfo>
        <ns0:Start_Time>2020-12-30T20:30:00Z</ns0:Start_Time>
        <ns0:Value>0</ns0:Value>
      </ns0:DataInfo>
      <ns0:DataInfo>
        <ns0:Start_Time>2020-12-30T21:00:00Z</ns0:Start_Time>
        <ns0:Value>0</ns0:Value>
      </ns0:DataInfo>
      <ns0:DataInfo>
        <ns0:Start_Time>2020-12-30T21:30:00Z</ns0:Start_Time>
        <ns0:Value>0</ns0:Value>
      </ns0:DataInfo>
      <ns0:DataInfo>
        <ns0:Start_Time>2020-12-30T22:00:00Z</ns0:Start_Time>
        <ns0:Value>0</ns0:Value>
      </ns0:DataInfo>
      <ns0:DataInfo>
        <ns0:Start_Time>2020-12-30T22:30:00Z</ns0:Start_Time>
        <ns0:Value>0</ns0:Value>
      </ns0:DataInfo>
      <ns0:DataInfo>
        <ns0:Start_Time>2020-12-30T23:00:00Z</ns0:Start_Time>
        <ns0:Value>0</ns0:Value>
      </ns0:DataInfo>
      <ns0:DataInfo>
        <ns0:Start_Time>2020-12-30T23:30:00Z</ns0:Start_Time>
        <ns0:Value>0</ns0:Value>
      </ns0:DataInfo>
    </ns0:Object>
  </ns0:DataAnalog>
</ns0:Data>